Player,Role,Played,Played,Points,Points,Points,Serve,Serve,Serve,Serve,Serve,Reception,Reception,Reception,Reception,Reception,Reception,Attack,Attack,Attack,Attack,Attack,Attack,Block,Block,Block
Name,,Matches,Sets,Total Points,Side-Out,Break Point,Total Points,Ace,Error,Ace per Set,Efficiency,Total,Error,Negative,Excellent,Excellent %,Efficiency,Total Points,Error,Blocked,Excellent,Excellent %,Efficiency,Net,Points,Points per Set
Vilma ANDERSSON,Setter,12,44,32,10,22,154,13,9,0.3,3%,2,0,2,0,0%,0%,26,3,1,10,38%,23%,1,9,0.2
Styliani CHRISTODOULOU,Setter,9,28,32,15,17,86,6,11,0.21,-6%,0,0,0,0,0%,0%,28,3,1,17,61%,46%,0,9,0.32
Cansu ÖZBAY,Setter,8,27,29,11,18,123,10,8,0.37,2%,1,0,0,0,0%,0%,22,2,1,14,64%,50%,1,5,0.19
Katerina VALKOVA,Setter,11,39,26,11,15,128,5,13,0.13,-6%,3,1,2,0,0%,-67%,29,0,2,12,41%,34%,0,9,0.23
Zsuzsanna KIRÁLY-TÁLAS,Setter,11,35,25,9,16,81,5,10,0.14,-6%,2,0,1,0,0%,0%,32,1,1,13,41%,34%,0,7,0.2
Olga SKRYPAK,Setter,9,27,25,12,13,103,6,4,0.22,2%,0,0,0,0,0%,0%,25,1,2,10,40%,28%,1,9,0.33
Barbora KOSEKOVA,Setter,10,36,23,5,18,123,7,6,0.19,1%,5,1,4,0,0%,-20%,11,1,0,5,45%,36%,0,11,0.31
Anastasiya LAPATO,Setter,10,29,22,6,16,78,2,8,0.07,-8%,1,1,0,0,0%,-100%,25,2,0,12,48%,40%,1,9,0.31
Polina MATVEEVA,Setter,7,26,22,7,15,66,8,11,0.31,-5%,1,0,1,0,0%,0%,17,0,1,9,53%,47%,1,5,0.19
Eva MORI,Setter,5,17,21,7,14,70,5,3,0.29,3%,3,1,2,0,0%,-33%,25,1,3,14,56%,40%,0,2,0.12
Nina STOJILJKOVIC,Setter,12,44,21,7,14,133,3,6,0.07,-2%,4,1,2,1,25%,0%,21,0,2,11,52%,43%,1,7,0.16
Daria VELYKOKON,Setter,10,21,21,4,17,66,10,5,0.48,8%,1,1,0,0,0%,-100%,10,0,2,6,60%,40%,0,5,0.24
Alessia ORRO,Setter,7,22,20,3,17,104,6,11,0.27,-5%,0,0,0,0,0%,0%,15,2,1,4,27%,7%,0,10,0.45
Fanni BAGYINKA,Setter,10,25,19,8,11,63,7,7,0.28,0%,3,2,1,0,0%,-67%,18,2,1,9,50%,33%,0,3,0.12
Milana BOŽIĆ,Setter,11,35,19,5,14,97,5,10,0.14,-5%,3,1,1,0,0%,-33%,19,1,1,7,37%,26%,1,7,0.2
Kaisa ALANKO,Setter,9,35,17,8,9,113,2,5,0.06,-3%,2,1,0,0,0%,-50%,29,2,1,10,34%,24%,0,5,0.14
Denise IMOUDU,Setter,5,18,16,7,9,67,3,10,0.17,-10%,1,0,1,0,0%,0%,16,0,1,6,38%,31%,1,7,0.39
Maja OGNJENOVIC,Setter,7,23,15,3,12,107,6,3,0.26,3%,0,0,0,0,0%,0%,18,1,1,6,33%,22%,1,3,0.13
Britt BONGAERTS,Setter,8,27,14,8,6,79,1,8,0.04,-9%,3,2,1,0,0%,-67%,20,0,1,8,40%,35%,0,5,0.19
Méline PIERRET,Setter,9,28,14,5,9,90,4,2,0.14,2%,3,1,2,0,0%,-33%,17,1,2,3,18%,0%,0,7,0.25
Elvita DOLOTOVA,Setter,6,19,13,8,5,51,3,5,0.16,-4%,1,0,1,0,0%,0%,19,1,1,8,42%,32%,0,2,0.11
Klara PERIĆ,Setter,6,21,13,6,7,66,2,14,0.1,-18%,1,1,0,0,0%,-100%,13,0,0,6,46%,46%,0,5,0.24
Nikoline Maria MOGENSEN,Setter,4,10,12,6,6,27,0,0,0.0,0%,0,0,0,0,0%,0%,12,0,0,7,58%,58%,0,5,0.5
Lora KITIPOVA,Setter,6,21,11,7,4,65,2,7,0.1,-8%,1,0,1,0,0%,0%,19,1,1,6,32%,21%,2,3,0.14
Blinera JAHA,Setter,6,19,10,4,6,43,3,8,0.16,-12%,0,0,0,0,0%,0%,16,1,0,7,44%,38%,2,0,0.0
Julija MÕNNAKMÄE,Setter,4,15,10,4,6,40,1,6,0.07,-12%,1,1,0,0,0%,-100%,13,0,0,8,62%,62%,2,1,0.07
Ana COUTO,Setter,5,16,9,5,4,50,2,1,0.12,2%,3,0,1,0,0%,0%,10,0,1,5,50%,40%,1,2,0.12
Anastasiya KANANOVICH,Setter,9,20,9,4,5,49,4,6,0.2,-4%,1,0,1,0,0%,0%,4,0,0,3,75%,75%,0,2,0.1
Maria Alejandra ALVAREZ,Setter,5,15,8,3,5,41,1,2,0.07,-2%,0,0,0,0,0%,0%,10,1,0,4,40%,30%,0,3,0.2
Kristina BESMAN,Setter,5,16,7,2,5,46,2,3,0.12,-2%,4,2,1,1,25%,-25%,9,0,0,5,56%,56%,0,1,0.06
Tamara DEDIJER,Setter,6,21,7,0,7,73,3,3,0.14,0%,1,1,0,0,0%,-100%,3,0,0,1,33%,33%,0,3,0.14
Inbal PELEG,Setter,6,20,7,2,5,57,4,3,0.2,2%,1,0,1,0,0%,0%,13,1,0,2,15%,8%,0,1,0.05
Ilka VAN DE VYVER,Setter,6,22,7,1,6,72,5,2,0.23,4%,4,0,3,1,25%,25%,9,0,0,1,11%,11%,0,1,0.05
Katarzyna WENERSKA,Setter,7,24,7,2,5,96,2,9,0.08,-7%,1,1,0,0,0%,-100%,8,0,0,3,38%,38%,0,2,0.08
Simona BAJUSZ,Setter,11,17,6,5,1,21,0,0,0.0,0%,0,0,0,0,0%,0%,6,0,0,6,100%,100%,0,0,0.0
Emilie RESPAUT,Setter,11,16,6,1,5,19,2,4,0.12,-11%,0,0,0,0,0%,0%,10,2,0,4,40%,20%,1,0,0.0
Astrid Liv Kofoed EMPACHER,Setter,6,13,5,2,3,31,1,3,0.08,-6%,1,1,0,0,0%,-100%,4,0,0,2,50%,50%,0,2,0.15
Pia KÄSTNER,Setter,6,16,5,1,4,33,1,1,0.06,0%,1,0,1,0,0%,0%,6,0,0,3,50%,50%,0,1,0.06
Ofelia MALINOV,Setter,4,9,5,1,4,26,1,2,0.11,-4%,0,0,0,0,0%,0%,8,0,1,3,38%,25%,1,1,0.11
Dana SCHMIT,Setter,5,16,5,3,2,40,2,3,0.12,-2%,1,1,0,0,0%,-100%,6,1,0,1,17%,0%,0,2,0.12
Rebekka BAHR,Setter,3,8,4,3,1,15,1,2,0.12,-7%,0,0,0,0,0%,0%,3,0,0,1,33%,33%,0,2,0.25
Petya BARAKOVA,Setter,6,15,4,0,4,30,1,2,0.07,-3%,0,0,0,0,0%,0%,1,0,0,0,0%,0%,0,3,0.2
Laura DIJKEMA,Setter,8,17,4,1,3,30,2,2,0.12,0%,0,0,0,0,0%,0%,2,1,0,0,0%,-50%,0,2,0.12
Eliana DURAO,Setter,5,11,4,0,4,30,3,2,0.27,3%,0,0,0,0,0%,0%,7,0,1,1,14%,0%,1,0,0.0
Mika ROME,Setter,5,11,4,3,1,3,0,0,0.0,0%,1,0,1,0,0%,0%,6,0,0,3,50%,50%,0,1,0.09
Evgeniya STARTSEVA,Setter,6,17,4,3,1,21,0,1,0.0,-5%,0,0,0,0,0%,0%,3,1,0,2,67%,33%,0,3,0.18
Sofia ANDERSSON,Setter,4,6,3,2,1,3,0,0,0.0,0%,0,0,0,0,0%,0%,3,1,0,2,67%,33%,0,1,0.17
Marina Elena COJOCARU,Setter,5,13,3,1,2,20,2,3,0.15,-5%,0,0,0,0,0%,0%,5,0,0,1,20%,20%,0,0,0.0
Ana DIASAMIDZE,Setter,3,9,3,2,1,26,1,4,0.11,-12%,0,0,0,0,0%,0%,11,1,2,1,9%,-18%,1,1,0.11
Julia Iwona NOWICKA,Setter,7,19,3,0,3,37,1,3,0.05,-5%,0,0,0,0,0%,0%,4,1,0,0,0%,-25%,1,2,0.11
Olga VERGIDOU,Setter,6,12,3,0,3,20,1,1,0.08,0%,0,0,0,0,0%,0%,5,0,0,0,0%,0%,0,2,0.17
Diana Lorena BALINTONI,Setter,5,12,2,1,1,23,0,1,0.0,-4%,0,0,0,0,0%,0%,4,0,0,1,25%,25%,0,1,0.08
Victoria DEISL,Setter,5,13,2,1,1,10,0,2,0.0,-20%,1,1,0,0,0%,-100%,5,0,0,2,40%,40%,0,0,0.0
Anna KOHUTOVA,Setter,6,8,2,1,1,10,1,0,0.12,10%,1,0,1,0,0%,0%,0,0,0,0,0%,0%,0,1,0.12
Katja Alina KYLMÄAHO,Setter,10,23,2,1,1,31,1,1,0.04,0%,0,0,0,0,0%,0%,1,0,0,1,100%,100%,0,0,0.0
Sara NAJDIC,Setter,6,11,2,1,1,29,1,0,0.09,3%,0,0,0,0,0%,0%,3,0,0,1,33%,33%,0,0,0.0
Ariadna PRIANTE FRANCES,Setter,5,14,2,0,2,40,2,3,0.14,-2%,0,0,0,0,0%,0%,1,0,0,0,0%,0%,0,0,0.0
Elise VAN SAS,Setter,5,15,2,0,2,5,0,0,0.0,0%,0,0,0,0,0%,0%,2,0,0,1,50%,50%,1,1,0.07
María José CORRAL BOUZA,Setter,4,9,1,0,1,22,0,0,0.0,0%,0,0,0,0,0%,0%,0,0,0,0,0%,0%,0,1,0.11
Yana Aleksandrovna DOROSHENKO,Setter,5,8,1,0,1,3,1,0,0.12,33%,0,0,0,0,0%,0%,1,0,0,0,0%,0%,0,0,0.0
Ajla HADŽIĆ,Setter,7,11,1,0,1,8,0,1,0.0,-12%,0,0,0,0,0%,0%,3,1,0,0,0%,-33%,1,1,0.09
Oriane HÄMMERLI,Setter,5,11,1,0,1,14,1,2,0.09,-7%,0,0,0,0,0%,0%,0,0,0,0,0%,0%,0,0,0.0
Zyla KADRIU,Setter,5,7,1,1,0,5,0,1,0.0,-20%,0,0,0,0,0%,0%,2,1,0,1,50%,0%,0,0,0.0
Annalea MAEDER,Setter,4,9,1,1,0,15,0,2,0.0,-13%,0,0,0,0,0%,0%,1,0,0,1,100%,100%,0,0,0.0
Sladjana MIRKOVIC,Setter,7,15,1,1,0,30,0,1,0.0,-3%,2,1,1,0,0%,-50%,4,1,0,1,25%,0%,1,1,0.07
Elia RODRIGUEZ VILLANUEVA,Setter,5,9,1,1,0,11,0,0,0.0,0%,2,1,1,0,0%,-100%,2,0,0,0,0%,0%,0,1,0.11
Live SØRBØ,Setter,2,4,1,0,1,6,1,1,0.25,0%,0,0,0,0,0%,0%,0,0,0,0,0%,0%,0,0,0.0
Marija SUSIC,Setter,2,4,1,0,1,8,1,1,0.25,0%,0,0,0,0,0%,0%,1,0,0,0,0%,0%,0,0,0.0
Buse ÜNAL,Setter,6,13,1,0,1,12,0,4,0.0,-33%,0,0,0,0,0%,0%,1,0,0,0,0%,0%,0,1,0.08
Shafagat ALISHANOVA,Setter,4,8,0,0,0,7,0,1,0.0,-14%,0,0,0,0,0%,0%,0,0,0,0,0%,0%,0,0,0.0
Tamara ĐAPA,Setter,2,3,0,0,0,1,0,0,0.0,0%,0,0,0,0,0%,0%,2,0,0,0,0%,0%,0,0,0.0
Lea DEAK,Setter,1,1,0,0,0,0,0,0,0.0,0%,0,0,0,0,0%,0%,0,0,0,0,0%,0%,0,0,0.0
Hilda GUSTAFSSON,Setter,2,2,0,0,0,2,0,1,0.0,-50%,0,0,0,0,0%,0%,1,1,0,0,0%,-100%,0,0,0.0
Karolina KIBBERMANN,Setter,2,4,0,0,0,4,0,1,0.0,-25%,0,0,0,0,0%,0%,0,0,0,0,0%,0%,0,0,0.0
Sara Marie Langvatn KRUMSVIK,Setter,1,2,0,0,0,1,0,1,0.0,-100%,0,0,0,0,0%,0%,0,0,0,0,0%,0%,0,0,0.0
Evgenija MILIVOJEVIC,Setter,2,2,0,0,0,1,0,1,0.0,-100%,0,0,0,0,0%,0%,0,0,0,0,0%,0%,0,0,0.0
Elza REKNERE,Setter,2,4,0,0,0,0,0,0,0.0,0%,0,0,0,0,0%,0%,0,0,0,0,0%,0%,0,0,0.0
Jutta VAN DE VYVER,Setter,2,2,0,0,0,1,0,0,0.0,0%,0,0,0,0,0%,0%,0,0,0,0,0%,0%,0,0,0.0
Anna CZAKAN,Middle Blocker,10,38,116,62,54,139,7,17,0.18,-7%,3,1,2,0,0%,-100%,142,15,3,70,49%,37%,0,39,1.03
Amandha Marine SYLVES,Middle Blocker,13,47,105,61,44,133,4,9,0.09,-4%,3,2,1,0,0%,-67%,152,13,7,75,49%,36%,3,28,0.6
Veronika TRNKOVA,Middle Blocker,12,39,104,59,45,130,9,15,0.23,-5%,7,1,0,1,14%,0%,126,10,9,69,55%,40%,1,26,0.67
Eda ERDEM DÜNDAR,Middle Blocker,8,27,97,51,46,84,10,9,0.37,1%,3,0,1,1,33%,33%,113,8,4,69,61%,50%,0,18,0.67
Edina SELIMOVIC,Middle Blocker,11,35,93,45,48,124,9,11,0.26,-2%,3,0,0,1,33%,33%,131,9,9,56,43%,29%,2,28,0.8
Zsofia GYIMES,Middle Blocker,12,43,89,51,38,167,13,12,0.3,1%,12,0,7,0,0%,0%,146,11,7,61,42%,29%,1,15,0.35
Nadzeya STOLIAR,Middle Blocker,10,36,88,45,43,110,5,7,0.14,-2%,8,1,2,1,12%,0%,106,1,5,64,60%,55%,2,19,0.53
Diana MELIUSHKYNA,Middle Blocker,10,35,86,46,40,127,6,4,0.17,2%,6,1,2,1,17%,0%,101,5,6,49,49%,38%,1,31,0.89
Helena ELBÆK,Middle Blocker,6,20,85,62,23,44,3,8,0.15,-11%,1,0,0,0,0%,0%,218,25,14,75,34%,17%,0,7,0.35
Isaline SAGER WEIDER,Middle Blocker,13,48,84,45,39,224,13,9,0.27,2%,4,0,2,1,25%,25%,130,6,4,55,42%,35%,6,16,0.33
Marlies JANSSENS,Middle Blocker,6,22,76,34,42,75,16,12,0.73,5%,2,0,1,1,50%,50%,90,5,5,44,49%,38%,1,16,0.73
Milena RASIC,Middle Blocker,8,28,75,46,29,89,3,10,0.11,-8%,3,1,0,1,33%,0%,96,2,3,58,60%,55%,0,15,0.54
Lucia VARELA GOMEZ,Middle Blocker,10,34,75,38,37,125,14,16,0.41,-2%,9,0,3,3,33%,22%,99,6,4,44,44%,34%,1,17,0.5
Zehra GÜNEŞ,Middle Blocker,8,25,72,38,34,100,7,9,0.28,-2%,2,0,0,0,0%,0%,86,6,6,49,57%,43%,1,16,0.64
Ajla PARADŽIK,Middle Blocker,11,35,71,45,26,123,6,9,0.17,-2%,9,0,4,1,11%,0%,117,7,7,53,45%,33%,4,12,0.34
Juliet LOHUIS,Middle Blocker,8,26,69,32,37,99,14,7,0.54,7%,3,1,1,1,33%,0%,77,7,2,34,44%,32%,0,21,0.81
Nasya DIMITROVA,Middle Blocker,6,23,67,44,23,83,2,10,0.09,-10%,4,0,2,0,0%,-25%,90,4,4,55,61%,52%,0,10,0.43
Eline TIMMERMAN,Middle Blocker,8,27,67,36,31,129,7,8,0.26,-1%,5,0,2,1,20%,20%,83,4,4,43,52%,42%,0,17,0.63
Camilla WEITZEL,Middle Blocker,6,22,66,38,28,88,8,14,0.36,-7%,5,1,2,1,20%,0%,92,3,3,48,52%,46%,3,10,0.45
Michaela ABRHAMOVA,Middle Blocker,10,34,65,40,25,120,4,7,0.12,-2%,6,0,0,1,17%,17%,101,8,2,46,46%,36%,0,15,0.44
Mina POPOVIC,Middle Blocker,8,27,63,26,37,114,7,12,0.26,-4%,5,1,1,0,0%,-20%,66,0,6,38,58%,48%,2,19,0.7
Bozana BUTIGAN,Middle Blocker,6,21,61,30,31,65,4,8,0.19,-6%,7,0,0,3,43%,43%,70,7,2,38,54%,41%,0,19,0.9
Samira SULSER,Middle Blocker,9,34,61,40,21,114,4,13,0.12,-8%,4,0,1,0,0%,0%,96,10,5,49,51%,35%,0,8,0.24
Zuzanna EFIMIENKO-MLOTKOWSKA,Middle Blocker,7,22,59,34,25,62,4,9,0.18,-8%,3,0,1,0,0%,-33%,59,3,3,31,53%,42%,0,24,1.09
Magdalena JEHLAROVA,Middle Blocker,9,29,59,26,33,79,3,10,0.1,-9%,3,0,1,1,33%,33%,65,2,4,36,55%,46%,0,20,0.69
Daniela ÖHMAN,Middle Blocker,10,28,58,32,26,77,4,11,0.14,-9%,2,0,1,0,0%,0%,96,9,5,42,44%,29%,0,12,0.43
Hristina VUCHKOVA,Middle Blocker,6,23,58,22,36,64,2,14,0.09,-19%,9,1,5,1,11%,-22%,58,1,4,31,53%,45%,3,25,1.09
Sasa PLANINSEC,Middle Blocker,6,21,57,36,21,73,0,5,0.0,-7%,7,1,1,1,14%,0%,72,6,10,40,56%,33%,1,17,0.81
Nadzeya VLADYKA,Middle Blocker,10,32,57,34,23,94,4,9,0.12,-5%,4,0,0,3,75%,75%,73,5,4,41,56%,44%,1,12,0.38
Klaudia ALAGIERSKA,Middle Blocker,7,25,56,28,28,94,9,11,0.36,-2%,3,1,2,0,0%,-67%,55,8,4,29,53%,31%,0,18,0.72
Cristina CHIRICHELLA,Middle Blocker,7,24,54,30,24,83,5,12,0.21,-8%,3,1,0,1,33%,0%,79,10,5,38,48%,29%,0,11,0.46
Anna DANESI,Middle Blocker,6,19,52,28,24,79,2,5,0.11,-4%,2,0,0,0,0%,0%,55,4,3,33,60%,47%,0,17,0.89
Beta DUMANCIC,Middle Blocker,6,21,52,31,21,61,5,2,0.24,5%,4,1,2,0,0%,-25%,83,9,3,36,43%,29%,0,12,0.57
Aline RODRIGUES,Middle Blocker,5,18,51,30,21,59,6,9,0.33,-5%,2,1,0,1,50%,0%,73,5,3,39,53%,42%,0,6,0.33
Marie SCHOELZEL,Middle Blocker,6,23,47,31,16,57,2,4,0.09,-4%,4,0,1,0,0%,0%,70,3,4,37,53%,43%,2,8,0.35
Georgia LAMPROUSI,Middle Blocker,9,27,46,17,29,87,5,4,0.19,1%,1,0,0,1,100%,100%,69,3,3,31,45%,36%,0,10,0.37
Ana VELJKOVIC,Middle Blocker,6,19,46,34,12,59,0,2,0.0,-3%,6,0,1,1,17%,17%,72,4,3,29,40%,31%,1,17,0.89
Lucrecia CASTELLANO,Middle Blocker,7,20,45,27,18,53,2,3,0.1,-2%,2,0,0,0,0%,0%,70,6,0,29,41%,33%,2,14,0.7
Lāsma OZOLA,Middle Blocker,6,18,43,27,16,60,3,14,0.17,-18%,5,1,1,2,40%,20%,56,4,7,24,43%,23%,2,16,0.89
Kseniya PAVLENKO,Middle Blocker,5,16,43,26,17,39,1,5,0.06,-10%,98,25,24,15,15%,-10%,132,12,11,42,32%,14%,1,1,0.06
Eszter Anna PEKÁRIK,Middle Blocker,6,23,43,25,18,65,3,4,0.13,-2%,7,0,2,1,14%,0%,47,6,1,24,51%,36%,0,16,0.7
Silke VAN AVERMAET,Middle Blocker,6,21,43,26,17,63,6,8,0.29,-3%,2,0,1,0,0%,0%,80,3,1,34,42%,38%,1,3,0.14
Madlaina MATTER,Middle Blocker,9,30,41,28,13,83,2,8,0.07,-7%,3,0,0,0,0%,0%,66,1,8,34,52%,38%,1,5,0.17
Jaroslava PENCOVA,Middle Blocker,5,19,39,25,14,55,2,1,0.11,2%,2,0,0,0,0%,0%,47,3,4,25,53%,38%,0,12,0.63
Dalila-Lilly TOPIC,Middle Blocker,12,42,38,20,18,110,0,10,0.0,-9%,7,1,2,0,0%,-29%,53,5,0,17,32%,23%,1,21,0.5
Bleona KADRIU,Middle Blocker,6,16,37,26,11,57,3,4,0.19,-2%,0,0,0,0,0%,0%,66,3,1,28,42%,36%,0,6,0.38
Valmire RAMADANI,Middle Blocker,6,19,37,23,14,48,2,7,0.11,-10%,1,0,0,0,0%,0%,99,6,6,31,31%,19%,0,4,0.21
Amanda CAVALCANTI,Middle Blocker,5,15,36,20,16,38,2,11,0.13,-24%,3,1,0,0,0%,-33%,54,7,3,25,46%,28%,2,9,0.6
Aida MEHIC,Middle Blocker,5,16,36,20,16,55,6,6,0.38,0%,4,0,2,1,25%,25%,54,5,4,25,46%,30%,0,5,0.31
Ekaterina ENINA,Middle Blocker,7,27,35,20,15,87,3,9,0.11,-7%,7,2,1,2,29%,0%,54,6,3,27,50%,33%,2,5,0.19
Yuliya GERASYMOVA,Middle Blocker,7,21,35,18,17,47,0,2,0.0,-4%,3,1,1,0,0%,-67%,48,5,0,19,40%,29%,0,16,0.76
Pavlina SIMANOVA,Middle Blocker,12,32,35,19,16,76,5,7,0.16,-3%,5,0,1,0,0%,-20%,46,0,3,21,46%,39%,0,9,0.28
Tina GRUDINA,Middle Blocker,5,14,33,21,12,39,2,4,0.14,-5%,2,0,1,1,50%,50%,49,1,4,25,51%,41%,0,6,0.43
Linda ANDERSSON,Middle Blocker,12,41,32,11,21,105,7,9,0.17,-2%,0,0,0,0,0%,0%,42,4,5,12,29%,7%,3,13,0.32
Galya DEVASH,Middle Blocker,6,20,32,13,19,58,3,4,0.15,-2%,4,1,3,0,0%,-50%,45,0,6,16,36%,22%,2,13,0.65
Liis KULLERKANN,Middle Blocker,4,15,32,20,12,45,2,4,0.13,-4%,2,0,0,2,100%,100%,60,3,4,23,38%,27%,1,7,0.47
Carmen UNZUE,Middle Blocker,7,18,32,22,10,52,2,4,0.11,-4%,3,0,1,1,33%,33%,50,4,2,20,40%,28%,1,10,0.56
Aikaterina GIOTA,Middle Blocker,8,23,31,16,15,83,2,10,0.09,-10%,3,0,2,0,0%,0%,39,4,4,15,38%,18%,2,14,0.61
Sabrina MÜLLER,Middle Blocker,5,16,31,18,13,56,3,12,0.19,-16%,5,1,1,1,20%,0%,45,3,4,21,47%,31%,0,7,0.44
Krista Michaela BJERREGÅRD MADSEN,Middle Blocker,4,13,30,18,12,34,1,2,0.08,-3%,0,0,0,0,0%,0%,61,3,7,25,41%,25%,0,4,0.31
Mariya KIRILYUK,Middle Blocker,5,15,30,25,5,55,1,3,0.07,-4%,8,3,3,0,0%,-38%,49,0,4,23,47%,39%,0,7,0.47
Sophia Helena ANDERSEN,Middle Blocker,5,14,29,17,12,41,6,4,0.43,5%,5,0,1,2,40%,40%,42,4,3,18,43%,26%,0,5,0.36
Elizaveta KOTOVA,Middle Blocker,6,21,29,20,9,46,1,8,0.05,-15%,3,1,0,1,33%,0%,33,4,2,17,52%,33%,1,11,0.52
Saska DJUROVIC,Middle Blocker,5,16,28,14,14,46,5,7,0.31,-4%,3,0,2,0,0%,-33%,34,5,1,15,44%,26%,0,8,0.5
Mette Breuning NIELSEN,Middle Blocker,6,16,28,24,4,31,1,7,0.06,-19%,2,1,0,0,0%,-50%,59,4,3,27,46%,34%,0,0,0.0
Maya DUDOCKIN,Middle Blocker,6,20,27,12,15,53,4,2,0.2,4%,4,0,2,0,0%,0%,42,2,1,11,26%,19%,1,12,0.6
Eliise HOLLAS,Middle Blocker,4,15,27,14,13,49,1,4,0.07,-6%,1,1,0,0,0%,-100%,36,3,3,15,42%,25%,0,11,0.73
Tereza HRUSECKA,Middle Blocker,10,28,27,12,15,72,5,9,0.18,-6%,3,1,1,0,0%,-33%,37,0,4,13,35%,24%,0,9,0.32
Amalie JØRGENSEN,Middle Blocker,6,13,26,16,10,26,1,1,0.08,0%,4,0,2,0,0%,0%,45,4,4,20,44%,27%,0,5,0.38
Alena LAZIUK,Middle Blocker,9,19,26,14,12,39,3,1,0.16,5%,2,0,1,1,50%,0%,28,0,4,16,57%,43%,0,7,0.37
Hanna BODOVICS,Middle Blocker,4,12,22,10,12,33,4,4,0.33,0%,0,0,0,0,0%,0%,24,2,0,11,46%,38%,0,7,0.58
Denisa Ioana IONESCU,Middle Blocker,5,17,22,17,5,43,2,9,0.12,-16%,0,0,0,0,0%,0%,30,1,2,13,43%,33%,0,7,0.41
Diana Andreea ARITON,Middle Blocker,5,16,21,14,7,19,0,4,0.0,-21%,0,0,0,0,0%,0%,45,3,1,16,36%,27%,0,5,0.31
Mirta VELIKONJA GRBAC,Middle Blocker,3,9,21,13,8,20,1,7,0.11,-30%,0,0,0,0,0%,0%,28,1,1,15,54%,46%,1,5,0.56
Mina DRAGOVIC,Middle Blocker,5,13,20,11,9,30,0,4,0.0,-13%,1,0,0,0,0%,0%,28,0,3,15,54%,43%,0,5,0.38
Viktoriia DANCHAK,Middle Blocker,3,9,18,5,13,29,1,3,0.11,-7%,1,0,1,0,0%,0%,24,0,3,12,50%,38%,1,5,0.56
Sarah Luisa FAHR,Middle Blocker,3,9,18,11,7,35,2,5,0.22,-9%,0,0,0,0,0%,0%,20,1,0,12,60%,55%,0,4,0.44
Irbe Andike LAZDA,Middle Blocker,4,10,17,11,6,26,2,3,0.2,-4%,0,0,0,0,0%,0%,23,2,0,10,43%,35%,2,5,0.5
Orsolya PAPP,Middle Blocker,4,8,17,8,9,27,2,4,0.25,-7%,0,0,0,0,0%,0%,25,2,1,15,60%,48%,1,0,0.0
Yulia BROVKINA,Middle Blocker,5,12,16,9,7,26,0,1,0.0,-4%,2,1,0,0,0%,-50%,22,1,0,10,45%,41%,2,7,0.58
Alíz KUMP,Middle Blocker,4,10,16,8,8,33,4,2,0.4,6%,1,0,1,0,0%,0%,26,4,3,8,31%,4%,0,4,0.4
Barbora PURCHARTOVA,Middle Blocker,6,9,16,8,8,15,0,1,0.0,-7%,1,0,1,0,0%,0%,15,0,1,10,67%,60%,1,6,0.67
Anna KALANTATZE,Middle Blocker,2,5,14,8,6,21,1,2,0.2,-5%,0,0,0,0,0%,0%,14,2,0,9,64%,50%,0,4,0.8
Tereze HRAPANE,Middle Blocker,4,11,12,5,7,29,1,2,0.09,-3%,1,0,1,0,0%,0%,26,2,3,8,31%,12%,1,3,0.27
Anastasiia MERTSALOVA,Middle Blocker,5,13,12,8,4,23,0,3,0.0,-13%,7,4,2,1,14%,-43%,24,1,4,8,33%,12%,0,6,0.46
Ioanna-Lamprini POLYNOPOULOU,Middle Blocker,5,11,12,6,6,36,1,5,0.09,-11%,3,0,2,0,0%,0%,21,0,1,7,33%,29%,0,4,0.36
Dominika SOBOLSKA,Middle Blocker,5,16,12,6,6,36,1,3,0.06,-6%,3,2,1,0,0%,-67%,25,0,3,6,24%,12%,1,6,0.38
Mille Solvik KJOSÅS,Middle Blocker,3,8,11,9,2,16,0,7,0.0,-44%,0,0,0,0,0%,0%,14,1,2,8,57%,36%,0,3,0.38
Indy BAIJENS,Middle Blocker,6,9,10,6,4,6,1,3,0.11,-33%,0,0,0,0,0%,0%,12,0,0,6,50%,50%,0,3,0.33
Yasemin GÜVELİ,Middle Blocker,4,6,10,6,4,9,1,0,0.17,11%,0,0,0,0,0%,0%,11,1,1,7,64%,45%,0,2,0.33
Marta ZIOLKOWSKA,Middle Blocker,4,6,10,4,6,16,1,0,0.17,6%,1,0,1,0,0%,0%,11,0,0,9,82%,82%,0,0,0.0
Ayshan ABDULAZIMOVA,Middle Blocker,2,6,9,7,2,11,0,1,0.0,-9%,0,0,0,0,0%,0%,17,1,1,7,41%,29%,0,2,0.33
Mariam GAPRINDASHVILI,Middle Blocker,3,9,7,5,2,16,1,5,0.11,-25%,2,0,2,0,0%,-100%,20,1,2,5,25%,10%,1,1,0.11
Olena KHARCHENKO,Middle Blocker,5,9,7,4,3,1,0,0,0.0,0%,2,0,0,2,100%,100%,10,2,1,5,50%,20%,0,2,0.22
Julia NILSSON,Middle Blocker,7,16,7,0,7,30,3,5,0.19,-7%,0,0,0,0,0%,0%,2,0,0,1,50%,50%,0,3,0.19
Petruta ORLANDEA,Middle Blocker,5,10,7,4,3,20,0,5,0.0,-25%,0,0,0,0,0%,0%,9,0,1,3,33%,22%,0,4,0.4
Eva Brooklyn ELOUGA,Middle Blocker,4,6,6,5,1,11,0,4,0.0,-36%,2,0,1,0,0%,0%,11,2,2,5,45%,9%,0,1,0.17
Katarina KORMENDYOVA,Middle Blocker,3,5,6,1,5,11,1,0,0.2,9%,0,0,0,0,0%,0%,4,0,0,2,50%,50%,0,3,0.6
Maryna MAZENKO,Middle Blocker,6,13,6,1,5,19,1,2,0.08,-5%,0,0,0,0,0%,0%,13,2,1,5,38%,15%,0,0,0.0
Xenia STAFFELBACH,Middle Blocker,4,7,6,2,4,19,2,2,0.29,0%,1,0,0,0,0%,0%,6,1,0,3,50%,33%,1,1,0.14
Elsa ARRESTAD,Middle Blocker,6,10,5,2,3,18,0,4,0.0,-22%,0,0,0,0,0%,0%,9,0,3,4,44%,11%,0,1,0.1
Elvira BAJRAKTARI,Middle Blocker,6,7,5,2,3,11,0,0,0.0,0%,0,0,0,0,0%,0%,10,2,1,3,30%,0%,0,2,0.29
Sara BONIFACIO,Middle Blocker,1,3,5,5,0,9,0,2,0.0,-22%,0,0,0,0,0%,0%,9,0,0,5,56%,56%,0,0,0.0
Helena MONTEIRO,Middle Blocker,4,7,5,4,1,12,1,1,0.14,0%,1,0,0,1,100%,100%,8,1,1,4,50%,25%,1,0,0.0
Lizzy Irine LOBZHANIDZE,Middle Blocker,3,6,4,1,3,8,0,2,0.0,-25%,0,0,0,0,0%,0%,9,0,2,1,11%,-11%,2,3,0.5
Kjersti NORVEEL,Middle Blocker,3,6,4,4,0,7,0,0,0.0,0%,0,0,0,0,0%,0%,10,2,1,4,40%,10%,0,0,0.0
Godeliv SCHWARZ,Middle Blocker,2,2,4,4,0,5,0,1,0.0,-20%,1,0,0,0,0%,0%,5,0,1,4,80%,60%,0,0,0.0
Iryna TRUSHKINA,Middle Blocker,4,6,4,1,3,10,0,1,0.0,-10%,1,0,0,0,0%,0%,7,1,0,2,29%,14%,0,2,0.33
Mariam BERIASHVILI,Middle Blocker,3,5,3,1,2,8,0,1,0.0,-12%,0,0,0,0,0%,0%,6,0,1,3,50%,33%,0,0,0.0
Pauline MARTIN,Middle Blocker,5,7,3,1,2,15,0,2,0.0,-13%,1,0,0,1,100%,100%,6,1,1,1,17%,-17%,0,2,0.29
Laura PARTS,Middle Blocker,2,3,3,1,2,7,1,2,0.33,-14%,1,0,0,0,0%,0%,5,1,1,2,40%,0%,0,0,0.0
Žana DRAGUTINOVIC,Middle Blocker,6,8,2,2,0,3,0,0,0.0,0%,0,0,0,0,0%,0%,4,0,0,2,50%,50%,0,0,0.0
Nea Emilia HAATAINEN,Middle Blocker,1,2,2,1,1,4,0,1,0.0,-25%,0,0,0,0,0%,0%,3,0,0,2,67%,67%,0,0,0.0
Inmaculada LAVADO FERNANDEZ,Middle Blocker,2,2,2,1,1,4,1,0,0.5,25%,0,0,0,0,0%,0%,6,0,0,1,17%,17%,0,0,0.0
Nathalie LEMMENS,Middle Blocker,3,7,2,1,1,8,0,1,0.0,-12%,0,0,0,0,0%,0%,2,0,0,1,50%,50%,0,1,0.14
Ema SMIESKOVA,Middle Blocker,1,2,2,0,2,13,2,0,1.0,15%,0,0,0,0,0%,0%,0,0,0,0,0%,0%,0,0,0.0
Katrine Merrild STRØBÆK,Middle Blocker,6,11,2,2,0,13,0,1,0.0,-8%,0,0,0,0,0%,0%,3,1,0,1,33%,0%,0,1,0.09
Nilufar AGHAZADA,Middle Blocker,1,1,1,0,1,0,0,0,0.0,0%,0,0,0,0,0%,0%,0,0,0,0,0%,0%,0,1,1.0
Lea AMBROSIUS,Middle Blocker,1,2,1,1,0,4,0,1,0.0,-25%,0,0,0,0,0%,0%,1,0,0,1,100%,100%,0,0,0.0
Beliz BASKIR,Middle Blocker,3,3,1,1,0,4,0,0,0.0,0%,1,0,1,0,0%,-100%,5,2,0,1,20%,-20%,0,0,0.0
Brina BRAČKO,Middle Blocker,2,2,1,0,1,3,0,0,0.0,0%,0,0,0,0,0%,0%,1,0,0,1,100%,100%,0,0,0.0
Stefana VELJKOVIC,Middle Blocker,3,4,1,1,0,5,0,2,0.0,-40%,0,0,0,0,0%,0%,2,0,1,1,50%,0%,0,0,0.0
Jade DEFRAEYE,Middle Blocker,1,1,0,0,0,0,0,0,0.0,0%,0,0,0,0,0%,0%,1,1,0,0,0%,-100%,0,0,0.0
Andrea DUVNJAK,Middle Blocker,1,1,0,0,0,2,0,1,0.0,-50%,0,0,0,0,0%,0%,2,0,0,0,0%,0%,0,0,0.0
Angeliki-Melina EMMANOUILIDOU,Middle Blocker,1,1,0,0,0,3,0,0,0.0,0%,0,0,0,0,0%,0%,0,0,0,0,0%,0%,0,0,0.0
Carlota GARCIA,Middle Blocker,0,0,0,0,0,0,0,0,0.0,0%,0,0,0,0,0%,0%,0,0,0,0,0%,0%,0,0,0.0
Leonita HOXHA,Middle Blocker,3,3,0,0,0,0,0,0,0.0,0%,0,0,0,0,0%,0%,0,0,0,0,0%,0%,0,0,0.0
Anastasiya KARASOVA,Middle Blocker,3,5,0,0,0,0,0,0,0.0,0%,15,0,7,2,13%,-13%,0,0,0,0,0%,0%,0,0,0.0
Amit KIMEL,Middle Blocker,1,1,0,0,0,1,0,1,0.0,-100%,1,0,1,0,0%,-100%,3,1,0,0,0%,-33%,0,0,0.0
Ela KLOPIĆ,Middle Blocker,1,1,0,0,0,1,0,0,0.0,0%,0,0,0,0,0%,0%,0,0,0,0,0%,0%,0,0,0.0
Jovana KOCIĆ,Middle Blocker,1,1,0,0,0,0,0,0,0.0,0%,0,0,0,0,0%,0%,0,0,0,0,0%,0%,0,0,0.0
Demi KOREVAAR,Middle Blocker,0,0,0,0,0,0,0,0,0.0,0%,0,0,0,0,0%,0%,0,0,0,0,0%,0%,0,0,0.0
Alessia MAZZARO,Middle Blocker,0,0,0,0,0,0,0,0,0.0,0%,0,0,0,0,0%,0%,0,0,0,0,0%,0%,0,0,0.0
Nina NESIMOVIC,Middle Blocker,2,2,0,0,0,2,0,1,0.0,-50%,1,0,0,0,0%,0%,1,1,0,0,0%,-100%,0,0,0.0
Marlene PEREIRA,Middle Blocker,0,0,0,0,0,0,0,0,0.0,0%,0,0,0,0,0%,0%,0,0,0,0,0%,0%,0,0,0.0
Roxana Daiana ROMAN,Middle Blocker,2,2,0,0,0,2,0,0,0.0,0%,0,0,0,0,0%,0%,1,0,1,0,0%,-100%,0,0,0.0
Martina SAMADAN,Middle Blocker,3,5,0,0,0,5,0,1,0.0,-20%,0,0,0,0,0%,0%,1,0,0,0,0%,0%,0,0,0.0
Borislava SAYKOVA,Middle Blocker,0,0,0,0,0,0,0,0,0.0,0%,0,0,0,0,0%,0%,0,0,0,0,0%,0%,0,0,0.0
Monique STRUBBE,Middle Blocker,0,0,0,0,0,0,0,0,0.0,0%,0,0,0,0,0%,0%,0,0,0,0,0%,0%,0,0,0.0
Ema STRUNJAK,Middle Blocker,0,0,0,0,0,0,0,0,0.0,0%,0,0,0,0,0%,0%,0,0,0,0,0%,0%,0,0,0.0
Mira TODOROVA,Middle Blocker,1,1,0,0,0,0,0,0,0.0,0%,0,0,0,0,0%,0%,0,0,0,0,0%,0%,0,0,0.0
Darya VALADZKO,Middle Blocker,1,1,0,0,0,1,0,0,0.0,0%,0,0,0,0,0%,0%,0,0,0,0,0%,0%,0,0,0.0
Lea ZURLINDEN,Middle Blocker,2,2,0,0,0,3,0,1,0.0,-33%,0,0,0,0,0%,0%,0,0,0,0,0%,0%,0,0,0.0
Héléna CAZAUTE,Outside Hitter,13,49,200,123,77,211,18,45,0.37,-13%,379,33,92,125,33%,23%,369,36,29,169,46%,28%,1,13,0.27
Gréta SZAKMÁRY,Outside Hitter,11,39,167,93,74,115,5,7,0.13,-2%,242,13,89,39,16%,5%,388,32,24,142,37%,22%,1,20,0.51
Anna HAAK,Outside Hitter,12,43,135,92,43,147,13,31,0.3,-12%,190,7,67,32,17%,6%,284,23,23,106,37%,21%,1,16,0.37
Ebrar KARAKURT,Outside Hitter,8,25,132,82,50,83,7,15,0.28,-10%,0,0,0,0,0%,0%,226,27,12,116,51%,34%,1,9,0.36
Michaela MLEJNKOVA,Outside Hitter,11,38,130,75,55,124,5,5,0.13,0%,253,13,102,36,14%,2%,285,20,19,117,41%,27%,0,8,0.21
Nikola RADOSOVA,Outside Hitter,8,27,129,85,44,94,7,10,0.26,-3%,141,7,51,27,19%,9%,294,17,17,120,41%,29%,0,2,0.07
Maria SEGURA PALLERES,Outside Hitter,9,31,125,69,56,124,12,25,0.39,-10%,219,10,62,65,30%,21%,259,17,30,103,40%,22%,0,10,0.32
Agnes PALLAG,Outside Hitter,11,39,122,86,36,130,3,3,0.08,0%,134,8,39,20,15%,5%,285,29,24,113,40%,21%,4,6,0.15
Elena PIETRINI,Outside Hitter,8,27,122,56,66,94,8,16,0.3,-9%,120,9,30,30,25%,13%,208,12,11,108,52%,41%,0,6,0.22
Britt HERBOTS,Outside Hitter,5,18,116,68,48,66,6,6,0.33,0%,63,8,20,16,25%,13%,242,17,13,108,45%,32%,0,3,0.17
Dajana BOSKOVIC,Outside Hitter,9,28,115,73,42,77,6,17,0.21,-14%,0,0,0,0,0%,0%,266,22,23,105,39%,23%,1,4,0.14
Alexandra LAZIC,Outside Hitter,10,35,110,67,43,113,7,13,0.2,-5%,365,22,135,70,19%,9%,240,22,20,89,37%,20%,1,14,0.4
Nika DAALDEROP,Outside Hitter,8,27,109,65,44,95,2,10,0.07,-8%,166,12,54,48,29%,15%,224,12,15,98,44%,32%,0,9,0.33
Nadiia KODOLA,Outside Hitter,10,35,103,64,39,137,9,7,0.26,1%,206,19,74,37,18%,2%,290,18,29,89,31%,14%,0,5,0.14
Edina BEGIC,Outside Hitter,9,27,102,63,39,97,11,18,0.41,-7%,189,19,42,60,32%,16%,192,11,17,85,44%,30%,0,6,0.22
Laura KÜNZLER,Outside Hitter,8,29,100,55,45,118,12,15,0.41,-3%,254,19,75,40,16%,7%,260,22,13,80,31%,17%,0,8,0.28
Anne BUIJS,Outside Hitter,8,26,98,63,35,94,4,5,0.15,-1%,153,17,42,49,32%,18%,192,8,9,88,46%,37%,1,6,0.23
Hanna DAVYSKIBA,Outside Hitter,10,27,96,56,40,85,6,14,0.22,-9%,187,16,48,42,22%,10%,196,14,10,74,38%,26%,1,16,0.59
Anđelka RADIŠKOVIĆ,Outside Hitter,11,35,94,47,47,113,17,18,0.49,-1%,238,23,38,77,32%,22%,211,15,18,67,32%,16%,0,10,0.29
Konstantina VLACHAKI,Outside Hitter,9,27,92,61,31,99,5,15,0.19,-10%,165,13,51,40,24%,13%,210,13,17,80,38%,24%,1,7,0.26
Karin PALGUTOVA,Outside Hitter,10,28,88,57,31,66,2,14,0.07,-18%,59,3,18,6,10%,2%,213,15,14,75,35%,22%,0,11,0.39
Elitsa VASILEVA,Outside Hitter,6,22,87,46,41,83,4,4,0.18,0%,147,5,62,27,18%,3%,165,15,9,77,47%,32%,1,6,0.27
Maria ZERNOVIC,Outside Hitter,10,30,87,39,48,92,12,13,0.4,-1%,140,8,31,37,26%,15%,192,9,20,69,36%,21%,0,6,0.2
Andrea KOSSANYIOVA,Outside Hitter,11,35,86,42,44,121,3,7,0.09,-3%,174,12,62,35,20%,5%,236,17,26,75,32%,14%,0,9,0.26
Salla KARHU,Outside Hitter,10,31,79,41,38,94,5,7,0.16,-2%,125,9,37,29,23%,15%,195,17,10,65,33%,19%,1,9,0.29
Hande BALADİN,Outside Hitter,7,23,78,42,36,85,4,8,0.17,-5%,166,10,51,37,22%,11%,157,16,12,68,43%,25%,2,6,0.26
Gergana DIMITROVA,Outside Hitter,6,23,75,38,37,110,6,3,0.26,3%,153,8,66,30,20%,5%,164,11,14,63,38%,23%,0,6,0.26
Bohdana ANISOVA,Outside Hitter,10,27,74,35,39,90,7,9,0.26,-2%,163,10,57,36,22%,7%,155,10,13,55,35%,21%,1,12,0.44
Tuğba ŞENOĞLU,Outside Hitter,8,25,73,33,40,103,13,11,0.52,2%,141,7,51,33,23%,14%,117,12,7,52,44%,28%,2,8,0.32
Lina ALSMEIER,Outside Hitter,6,20,72,52,20,56,4,9,0.2,-9%,161,10,55,28,17%,4%,152,11,10,64,42%,28%,0,4,0.2
Laura MILOS,Outside Hitter,6,21,71,40,31,89,9,8,0.43,1%,102,7,24,22,22%,14%,128,6,9,57,45%,33%,0,5,0.24
Emmi RIIKILÄ,Outside Hitter,10,35,70,48,22,103,7,20,0.2,-13%,226,11,85,29,13%,6%,172,12,23,61,35%,15%,0,2,0.06
Miriam Fatime SYLLA,Outside Hitter,7,23,70,33,37,86,3,4,0.13,-1%,204,17,46,49,24%,12%,140,16,7,56,40%,24%,0,11,0.48
Celine VAN GESTEL,Outside Hitter,6,22,70,48,22,75,5,11,0.23,-8%,152,18,29,46,30%,18%,179,12,11,64,36%,23%,0,1,0.05
Karolina FRICOVA,Outside Hitter,9,26,68,36,32,86,8,8,0.31,0%,127,4,30,20,16%,10%,148,12,6,53,36%,24%,0,7,0.27
Ksenia SMIRNOVA,Outside Hitter,7,24,68,31,37,68,9,15,0.38,-9%,103,23,25,24,23%,1%,122,8,15,49,40%,21%,1,11,0.46
Korina PERKOVAC,Outside Hitter,7,22,67,38,29,55,7,4,0.32,5%,111,21,35,20,18%,-2%,143,11,11,53,37%,22%,2,7,0.32
Olga STRANTZALI,Outside Hitter,9,25,66,31,35,65,3,14,0.12,-17%,108,6,35,31,29%,16%,152,10,10,59,39%,26%,0,4,0.16
Bojana MILENKOVIĆ,Outside Hitter,8,28,61,26,35,101,7,7,0.25,0%,142,12,31,53,37%,29%,120,6,8,45,38%,26%,1,9,0.32
Jelena CVIJOVIC,Outside Hitter,6,22,59,33,26,68,4,4,0.18,0%,119,10,20,28,24%,14%,150,10,10,47,31%,18%,0,8,0.36
Kata TÖRÖK,Outside Hitter,12,41,59,31,28,107,10,9,0.24,1%,117,8,29,13,11%,0%,132,8,5,42,32%,22%,0,7,0.17
Sarah VAN ROOIJ,Outside Hitter,5,18,57,33,24,46,2,5,0.11,-7%,90,11,27,12,13%,-2%,117,15,13,52,44%,21%,0,3,0.17
Jennifer JANISKA,Outside Hitter,6,22,55,34,21,85,4,10,0.18,-7%,101,5,25,38,38%,29%,135,10,10,44,33%,18%,1,7,0.32
Gréta KISS,Outside Hitter,10,25,54,26,28,59,6,3,0.24,5%,75,8,23,21,28%,16%,112,8,10,46,41%,25%,0,2,0.08
Monika POTOKAR,Outside Hitter,6,21,54,26,28,74,5,7,0.24,-3%,99,8,34,18,18%,8%,156,8,14,45,29%,15%,1,4,0.19
Eva ZATKOVIĆ,Outside Hitter,6,16,51,32,19,36,1,4,0.06,-8%,28,6,15,3,11%,-14%,143,14,15,47,33%,13%,0,3,0.19
Lucia PROL,Outside Hitter,5,15,50,27,23,45,3,5,0.2,-4%,92,9,21,35,38%,22%,133,11,8,45,34%,20%,0,2,0.13
Lisa ARBOS,Outside Hitter,7,15,48,27,21,48,7,6,0.47,2%,1,0,0,1,100%,100%,98,5,8,37,38%,24%,0,4,0.27
Bianka BUSA,Outside Hitter,8,26,48,15,33,78,7,15,0.27,-10%,120,15,31,33,28%,15%,91,13,6,33,36%,15%,0,8,0.31
Zuzanna GORECKA,Outside Hitter,7,24,48,30,18,72,4,8,0.17,-6%,153,5,40,31,20%,13%,108,5,15,36,33%,15%,0,8,0.33
Matea IKIC,Outside Hitter,6,19,47,29,18,53,3,7,0.16,-8%,158,15,38,36,23%,11%,110,5,8,37,34%,22%,0,7,0.37
Rodica BUTEREZ,Outside Hitter,5,18,45,34,11,66,3,5,0.17,-3%,62,2,29,15,24%,19%,117,17,12,39,33%,9%,0,3,0.17
Shirel GANAH,Outside Hitter,6,19,45,26,19,47,4,7,0.21,-6%,114,9,47,17,15%,0%,131,19,12,34,26%,2%,1,7,0.37
Danijela DZAKOVIC,Outside Hitter,3,11,44,27,17,40,2,5,0.18,-8%,99,9,15,31,31%,22%,93,5,6,38,41%,29%,0,4,0.36
Ana ESCAMILLA,Outside Hitter,9,23,44,31,13,47,0,9,0.0,-19%,95,2,26,24,25%,20%,118,19,10,39,33%,8%,1,5,0.22
Eva HODANOVA,Outside Hitter,10,24,44,19,25,63,6,7,0.25,-2%,131,8,59,21,16%,5%,111,8,3,34,31%,21%,0,4,0.17
Tatsiana MARKEVICH,Outside Hitter,9,27,43,25,18,70,3,5,0.11,-3%,99,3,29,23,23%,14%,116,6,5,38,33%,23%,0,2,0.07
Adelina BUDAI-UNGUREANU,Outside Hitter,4,15,40,24,16,46,2,7,0.13,-11%,87,8,34,21,24%,9%,96,7,12,31,32%,12%,0,7,0.47
Marta HURST,Outside Hitter,5,14,40,25,15,47,5,12,0.36,-15%,106,10,22,26,25%,10%,82,10,11,33,40%,15%,0,2,0.14
Venera KADRIU,Outside Hitter,6,19,40,30,10,51,5,5,0.26,0%,158,11,34,35,22%,15%,132,15,15,35,27%,4%,0,0,0.0
Juliette Marie Louise Andrée FIDON LEBLEU,Outside Hitter,5,16,39,21,18,48,1,5,0.06,-8%,97,7,25,23,24%,12%,85,12,5,27,32%,12%,1,11,0.69
Hanna HELLVIG,Outside Hitter,11,32,39,24,15,78,7,7,0.22,0%,6,0,1,2,33%,33%,85,6,8,28,33%,16%,1,4,0.12
Suvi KOKKONEN,Outside Hitter,8,22,39,27,12,49,3,3,0.14,0%,83,5,23,14,17%,11%,116,12,14,29,25%,3%,0,7,0.32
Katharina HOLZER,Outside Hitter,5,14,38,22,16,33,0,2,0.0,-6%,71,3,14,23,32%,21%,114,6,7,30,26%,15%,0,8,0.57
Irina KAPUSTINA,Outside Hitter,7,21,38,22,16,27,1,6,0.05,-19%,68,14,14,16,24%,3%,71,5,2,35,49%,39%,0,2,0.1
Anna KHARCHYNSKA,Outside Hitter,9,21,38,20,18,36,1,2,0.05,-3%,1,0,0,1,100%,100%,86,10,4,31,36%,20%,0,6,0.29
Adelajda ILAZI,Outside Hitter,6,19,37,27,10,48,3,3,0.16,0%,155,15,41,24,15%,5%,124,13,14,32,26%,4%,0,2,0.11
Paula Nikola NECIPORUKA,Outside Hitter,6,19,36,25,11,54,2,6,0.11,-7%,118,7,29,28,24%,16%,115,8,15,30,26%,6%,0,4,0.21
Ana VALE,Outside Hitter,5,15,36,21,15,42,1,3,0.07,-5%,64,2,23,20,31%,22%,87,8,6,31,36%,20%,0,4,0.27
Karyna DENYSOVA,Outside Hitter,4,14,32,20,12,37,2,4,0.14,-5%,6,0,1,5,83%,83%,83,10,10,28,34%,10%,0,2,0.14
Celeste PLAK,Outside Hitter,8,23,32,23,9,35,0,2,0.0,-6%,0,0,0,0,0%,0%,80,8,6,28,35%,18%,1,4,0.17
Frederikke Stenholt KROGH,Outside Hitter,6,19,31,19,12,76,3,12,0.16,-12%,180,19,75,26,14%,-1%,94,24,5,25,27%,-4%,1,3,0.16
Lorena LORBER FIJOK,Outside Hitter,6,19,31,18,13,51,2,3,0.11,-2%,91,5,28,23,25%,15%,85,8,9,26,31%,11%,0,3,0.16
Yuliya BOYKO,Outside Hitter,5,13,30,17,13,35,3,1,0.23,6%,53,3,17,16,30%,21%,75,7,6,26,35%,17%,0,1,0.08
Kateryna DUDNYK,Outside Hitter,11,19,30,17,13,54,2,3,0.11,-2%,71,5,19,22,31%,18%,59,7,4,22,37%,19%,0,6,0.32
Rebecka LAZIC,Outside Hitter,8,18,30,14,16,35,2,0,0.11,6%,80,4,49,4,5%,-6%,74,5,7,24,32%,16%,0,4,0.22
Yael BENJAMIN,Outside Hitter,6,18,29,18,11,41,0,6,0.0,-15%,73,3,40,10,14%,8%,86,7,9,24,28%,9%,0,5,0.28
Martyna CZYRNIANSKA,Outside Hitter,3,9,29,15,14,22,0,2,0.0,-9%,28,6,6,2,7%,-18%,55,0,4,26,47%,40%,0,3,0.33
Jodie GUILLIAMS,Outside Hitter,6,19,28,17,11,71,3,7,0.16,-6%,68,6,9,28,41%,32%,89,6,9,20,22%,6%,0,5,0.26
Nette PEIT,Outside Hitter,4,14,28,18,10,38,3,5,0.21,-5%,102,16,32,16,16%,-1%,84,6,4,23,27%,15%,1,2,0.14
Anastasiia BAIDIUK,Outside Hitter,5,16,26,13,13,51,4,4,0.25,0%,123,30,23,34,28%,3%,81,5,5,21,26%,14%,0,1,0.06
Monika Jr CHRTIANSKA,Outside Hitter,5,15,26,19,7,58,1,1,0.07,0%,92,4,18,46,50%,43%,106,6,5,24,23%,12%,0,1,0.07
Sille Slott HANSEN,Outside Hitter,6,20,26,14,12,47,1,7,0.05,-13%,110,12,51,14,13%,-3%,98,13,7,23,23%,3%,0,2,0.1
Maria LOPES,Outside Hitter,5,11,26,17,9,16,2,3,0.18,-6%,28,5,6,5,18%,-11%,67,8,3,22,33%,16%,1,2,0.18
Petra KOJDOVÁ,Outside Hitter,6,14,25,15,10,28,1,0,0.07,4%,1,0,0,0,0%,0%,57,4,6,18,32%,14%,0,6,0.43
Rugile LAVICKYTE,Outside Hitter,3,9,25,16,9,26,5,6,0.56,-4%,0,0,0,0,0%,0%,63,7,2,19,30%,16%,0,1,0.11
Katarina LAZOVIĆ,Outside Hitter,6,15,25,11,14,40,3,3,0.2,0%,45,4,16,12,27%,18%,38,3,5,16,42%,21%,0,6,0.4
Leïa RATAHIRY,Outside Hitter,4,9,25,14,11,24,0,5,0.0,-21%,49,6,19,8,16%,4%,58,3,7,21,36%,19%,0,4,0.44
Nadzeya SMIRNOVA,Outside Hitter,3,9,25,12,13,30,2,6,0.22,-13%,51,6,9,17,33%,22%,67,5,9,21,31%,10%,0,2,0.22
Evangelia CHANTAVA,Outside Hitter,5,10,24,15,9,27,0,7,0.0,-26%,52,3,21,12,23%,10%,71,7,6,21,30%,11%,0,3,0.3
Ann KALANDADZE,Outside Hitter,2,6,23,15,8,16,2,3,0.33,-6%,26,2,9,3,12%,-8%,31,3,1,19,61%,48%,0,2,0.33
Meryem BOZ,Outside Hitter,5,11,22,12,10,13,0,1,0.0,-8%,0,0,0,0,0%,0%,41,1,5,17,41%,27%,0,5,0.45
Alessia GENNARI,Outside Hitter,6,12,20,10,10,30,3,2,0.25,3%,47,0,12,12,26%,23%,41,4,2,16,39%,24%,0,1,0.08
Dusanka PETROVIC,Outside Hitter,3,10,20,8,12,41,3,2,0.3,2%,81,6,36,13,16%,1%,55,4,5,15,27%,11%,0,2,0.2
Adrienn VEZSENYI,Outside Hitter,9,14,20,8,12,25,3,1,0.21,8%,1,1,0,0,0%,-100%,45,3,2,16,36%,24%,0,1,0.07
Kristiine MIILEN,Outside Hitter,4,13,19,11,8,35,0,1,0.0,-3%,75,10,21,15,20%,7%,65,8,5,17,26%,6%,0,2,0.15
Katsiaryna SAKOLCHYK,Outside Hitter,5,10,18,12,6,21,1,0,0.1,5%,45,13,10,11,24%,-11%,46,5,1,12,26%,13%,0,5,0.5
Laura SIMONIIA,Outside Hitter,3,9,18,13,5,26,0,2,0.0,-8%,59,6,21,8,14%,-12%,42,4,4,16,38%,19%,1,2,0.22
Ragni STEEN KNUDSEN,Outside Hitter,3,9,18,14,4,23,1,5,0.11,-17%,60,4,20,23,38%,23%,60,7,8,14,23%,-2%,0,3,0.33
Ingrida ŠVEIGERE,Outside Hitter,5,13,16,9,7,27,2,4,0.15,-7%,54,3,14,17,31%,20%,62,5,6,11,18%,0%,1,3,0.23
Hanna ORTHMANN,Outside Hitter,4,6,15,11,4,8,0,4,0.0,-50%,19,2,7,2,11%,-5%,28,5,0,15,54%,36%,0,0,0.0
Ana BJELICA,Outside Hitter,5,5,14,9,5,2,0,1,0.0,-50%,0,0,0,0,0%,0%,36,2,4,14,39%,22%,0,0,0.0
Maria Adriana MATEI,Outside Hitter,5,11,14,7,7,20,1,3,0.09,-10%,41,5,10,10,24%,12%,62,5,10,11,18%,-6%,0,2,0.18
Lucija MLINAR,Outside Hitter,6,18,14,6,8,23,0,2,0.0,-9%,19,1,10,0,0%,-16%,28,1,5,13,46%,25%,0,1,0.06
Gvantsa ULUMBELASHVILI,Outside Hitter,3,9,14,9,5,19,1,2,0.11,-5%,64,12,15,14,22%,-6%,52,6,10,12,23%,-8%,0,1,0.11
Anija JURDŽA,Outside Hitter,5,11,13,9,4,22,1,4,0.09,-14%,41,1,19,11,27%,10%,45,6,7,12,27%,-2%,0,0,0.0
Lena STIGROT,Outside Hitter,2,5,13,9,4,15,1,0,0.2,7%,17,1,5,2,12%,0%,28,0,2,12,43%,36%,1,0,0.0
Tali HAKAS,Outside Hitter,5,11,12,8,4,16,0,3,0.0,-19%,50,6,21,5,10%,-16%,31,5,2,12,39%,16%,0,0,0.0
Ronja HEIKKINIEMI,Outside Hitter,4,8,12,8,4,17,1,6,0.12,-29%,30,1,14,2,7%,0%,35,2,3,11,31%,17%,0,0,0.0
Yevheniia KHOBER,Outside Hitter,1,3,11,6,5,6,1,2,0.33,-17%,12,1,7,1,8%,-25%,18,0,1,10,56%,50%,0,0,0.0
Sofia KOSMA,Outside Hitter,4,10,11,4,7,20,2,3,0.2,-5%,24,1,2,17,71%,62%,24,3,0,8,33%,21%,0,1,0.1
Kinga SZŰCS,Outside Hitter,6,9,11,3,8,19,1,2,0.11,-5%,28,3,11,3,11%,0%,38,5,1,9,24%,8%,0,1,0.11
Anu ENNOK,Outside Hitter,4,10,10,1,9,14,1,0,0.1,7%,48,6,8,8,17%,2%,36,4,4,7,19%,-3%,0,2,0.2
Meliha İSMAİLOĞLU,Outside Hitter,5,12,10,5,5,32,0,3,0.0,-9%,21,1,4,9,43%,33%,20,6,0,9,45%,15%,0,1,0.08
Lucie NOVA,Outside Hitter,4,7,10,5,5,22,1,1,0.14,0%,27,3,11,0,0%,-26%,24,2,3,8,33%,12%,0,1,0.14
Sarina WIELAND,Outside Hitter,5,8,10,6,4,14,1,0,0.12,7%,33,6,9,5,15%,-3%,20,1,2,9,45%,30%,0,0,0.0
İlkin AYDIN,Outside Hitter,5,9,9,5,4,17,0,2,0.0,-12%,39,1,11,9,23%,18%,24,1,3,8,33%,17%,0,1,0.11
Halimatou BAH,Outside Hitter,5,6,9,6,3,7,0,1,0.0,-14%,14,5,4,1,7%,-29%,21,3,1,9,43%,24%,0,0,0.0
Carolina CAMINO FERNANDEZ,Outside Hitter,5,8,9,6,3,8,1,0,0.12,12%,16,1,10,0,0%,-12%,27,5,2,7,26%,0%,0,1,0.12
Karoline FAUSKE,Outside Hitter,3,8,9,4,5,12,2,2,0.25,0%,32,5,10,5,16%,-16%,19,1,2,7,37%,21%,0,0,0.0
Egzona GECI,Outside Hitter,6,12,9,8,1,11,0,2,0.0,-18%,33,4,14,5,15%,0%,34,5,4,9,26%,0%,0,0,0.0
Jessica KOSONEN,Outside Hitter,4,6,9,6,3,12,2,4,0.33,-17%,17,1,7,3,18%,6%,19,0,1,7,37%,32%,0,0,0.0
Diana LUNDVALL,Outside Hitter,3,3,9,3,6,4,0,0,0.0,0%,7,0,1,2,29%,29%,20,3,3,8,40%,10%,0,1,0.33
Zana ZDOVC SPORER,Outside Hitter,6,17,9,4,5,20,0,3,0.0,-15%,29,4,6,7,24%,7%,26,3,5,7,27%,-4%,1,2,0.12
Martyna GRAJBER,Outside Hitter,7,20,7,3,4,30,1,0,0.05,3%,50,0,19,7,14%,12%,14,1,0,5,36%,29%,0,1,0.05
Margarida MAIA,Outside Hitter,1,4,7,4,3,21,3,1,0.75,10%,18,1,5,1,6%,-11%,19,1,2,3,16%,0%,0,1,0.25
Silvia PERTENS,Outside Hitter,4,5,7,3,4,10,2,2,0.4,0%,14,5,3,1,7%,-29%,14,1,1,5,36%,21%,0,0,0.0
Naja BOISA,Outside Hitter,6,11,6,4,2,6,0,1,0.0,-17%,23,3,10,1,4%,-9%,18,0,2,5,28%,17%,0,1,0.09
Jelisaveta SIRIHA,Outside Hitter,4,5,6,5,1,5,0,3,0.0,-60%,17,4,8,1,6%,-24%,19,2,3,6,32%,5%,0,0,0.0
Mathilde Borup JEPPESEN,Outside Hitter,6,9,5,4,1,10,0,4,0.0,-40%,43,2,25,4,9%,0%,25,4,2,5,20%,-4%,0,0,0.0
Petra NECIPORUKA,Outside Hitter,2,4,4,1,3,10,1,1,0.25,0%,30,0,14,0,0%,-3%,21,2,3,2,10%,-14%,0,1,0.25
Sophie WALLNER,Outside Hitter,2,3,4,2,2,7,1,1,0.33,0%,5,0,3,1,20%,0%,11,1,1,3,27%,9%,0,0,0.0
Lara DAVIDOVIC,Outside Hitter,2,2,3,1,2,4,0,2,0.0,-50%,1,0,0,1,100%,100%,7,1,1,3,43%,14%,0,0,0.0
Merilin PAALO,Outside Hitter,3,6,3,2,1,13,0,1,0.0,-8%,12,1,5,4,33%,25%,8,1,0,3,38%,25%,0,0,0.0
Ines PEREIRA,Outside Hitter,4,8,3,3,0,9,0,2,0.0,-22%,50,5,13,9,18%,0%,25,3,4,3,12%,-16%,0,0,0.0
Eva YANEVA,Outside Hitter,5,10,3,2,1,15,1,2,0.1,-7%,16,2,2,2,12%,-6%,8,0,0,2,25%,25%,0,0,0.0
Loresa AVDYLI,Outside Hitter,4,5,2,2,0,3,0,1,0.0,-33%,0,0,0,0,0%,0%,11,0,3,2,18%,-9%,0,0,0.0
Milena BURZANOVIC,Outside Hitter,2,4,2,2,0,6,0,0,0.0,0%,0,0,0,0,0%,0%,2,0,0,2,100%,100%,0,0,0.0
Monika FEDUSIO,Outside Hitter,2,2,2,2,0,1,0,0,0.0,0%,2,0,1,1,50%,50%,2,0,0,2,100%,100%,0,0,0.0
Maret GROTHUES,Outside Hitter,5,9,2,1,1,13,0,2,0.0,-15%,15,2,4,2,13%,-7%,6,0,1,2,33%,17%,0,0,0.0
Marrit JASPER,Outside Hitter,5,12,2,1,1,5,1,1,0.08,0%,12,0,4,6,50%,42%,3,0,1,1,33%,0%,0,0,0.0
Miroslava PASKOVA,Outside Hitter,1,2,2,1,1,3,1,0,0.5,33%,2,0,2,0,0%,0%,5,0,0,1,20%,20%,0,0,0.0
Tinatin ZHGENTI,Outside Hitter,3,5,2,2,0,4,0,0,0.0,0%,0,0,0,0,0%,0%,16,3,1,2,12%,-12%,0,0,0.0
Karla KLARIC,Outside Hitter,5,10,1,1,0,13,0,2,0.0,-15%,3,0,0,1,33%,33%,4,0,0,1,25%,25%,0,0,0.0
Gal LANDER,Outside Hitter,4,9,1,0,1,12,1,1,0.11,0%,10,1,7,1,10%,-10%,3,0,1,0,0%,-33%,0,0,0.0
Sorina MICLAUS,Outside Hitter,5,14,1,0,1,20,1,0,0.07,5%,2,1,0,0,0%,-50%,2,0,0,0,0%,0%,0,0,0.0
Sylvia Chinelo NWAKALOR,Outside Hitter,1,1,1,1,0,1,0,1,0.0,-100%,0,0,0,0,0%,0%,3,1,0,1,33%,0%,0,0,0.0
Līga PLĀTE,Outside Hitter,1,1,1,0,1,2,1,1,1.0,0%,1,0,1,0,0%,-100%,3,1,0,0,0%,-33%,0,0,0.0
Ivana RADOVIC,Outside Hitter,4,8,1,1,0,5,0,0,0.0,0%,20,3,5,3,15%,0%,9,1,0,1,11%,0%,0,0,0.0
Manon STRAGIER,Outside Hitter,5,11,1,1,0,14,0,4,0.0,-29%,1,1,0,0,0%,-100%,5,0,0,1,20%,20%,0,0,0.0
Tuva AARESTAD,Outside Hitter,1,1,0,0,0,1,0,0,0.0,0%,0,0,0,0,0%,0%,0,0,0,0,0%,0%,0,0,0.0
Ilhama ALIYEVA,Outside Hitter,1,1,0,0,0,0,0,0,0.0,0%,0,0,0,0,0%,0%,0,0,0,0,0%,0%,0,0,0.0
Jelena BLAGOJEVIC,Outside Hitter,5,9,0,0,0,0,0,0,0.0,0%,29,2,12,8,28%,21%,0,0,0,0,0%,0%,0,0,0.0
Sofia D'ODORICO,Outside Hitter,2,2,0,0,0,2,0,1,0.0,-50%,1,0,0,0,0%,0%,0,0,0,0,0%,0%,0,0,0.0
Helena GILSON,Outside Hitter,0,0,0,0,0,0,0,0,0.0,0%,0,0,0,0,0%,0%,0,0,0,0,0%,0%,0,0,0.0
Helia GONZALEZ,Outside Hitter,0,0,0,0,0,0,0,0,0.0,0%,0,0,0,0,0%,0%,0,0,0,0,0%,0%,0,0,0.0
Kristine KRAMENA,Outside Hitter,6,19,0,0,0,0,0,0,0.0,0%,127,8,36,38,30%,20%,0,0,0,0,0%,0%,0,0,0.0
Lana LABOVIC,Outside Hitter,0,0,0,0,0,0,0,0,0.0,0%,0,0,0,0,0%,0%,0,0,0,0,0%,0%,0,0,0.0
Lorina MEHMETI,Outside Hitter,2,3,0,0,0,1,0,0,0.0,0%,5,2,3,0,0%,-40%,0,0,0,0,0%,0%,0,0,0.0
Aleksandra MILANOVA,Outside Hitter,4,5,0,0,0,2,0,0,0.0,0%,0,0,0,0,0%,0%,0,0,0,0,0%,0%,0,0,0.0
Mikala Maria MOGENSEN,Outside Hitter,3,4,0,0,0,0,0,0,0.0,0%,12,2,4,0,0%,-17%,0,0,0,0,0%,0%,0,0,0.0
Georgiana POPA,Outside Hitter,3,3,0,0,0,2,0,0,0.0,0%,5,0,4,0,0%,0%,0,0,0,0,0%,0%,0,0,0.0
Olena RUDYK,Outside Hitter,1,1,0,0,0,3,0,0,0.0,0%,0,0,0,0,0%,0%,1,0,0,0,0%,0%,1,0,0.0
Marija TUSEVLJAK,Outside Hitter,1,1,0,0,0,3,0,0,0.0,0%,0,0,0,0,0%,0%,0,0,0,0,0%,0%,0,0,0.0
Maria YORDANOVA,Outside Hitter,0,0,0,0,0,0,0,0,0.0,0%,0,0,0,0,0%,0%,0,0,0,0,0%,0%,0,0,0.0
Isabelle HAAK,Opposite,11,38,278,180,98,144,26,33,0.68,-5%,2,1,0,0,0%,-50%,487,49,23,234,48%,33%,1,18,0.47
Tijana BOŠKOVIĆ,Opposite,8,27,195,118,77,81,7,28,0.26,-26%,0,0,0,0,0%,0%,323,29,13,175,54%,41%,1,14,0.52
Lucille GICQUEL,Opposite,10,37,168,101,67,121,13,27,0.35,-12%,1,0,0,0,0%,0%,317,30,25,135,43%,25%,2,20,0.54
Paola Ogechi EGONU,Opposite,8,27,164,99,65,105,18,19,0.67,-1%,0,0,0,0,0%,0%,270,38,7,132,49%,32%,0,14,0.52
Gabriela ORVOSOVA,Opposite,12,38,149,99,50,125,9,10,0.24,-1%,3,0,1,0,0%,-33%,314,24,33,125,40%,22%,0,16,0.42
Maja STORCK,Opposite,7,28,144,99,45,91,5,18,0.18,-14%,2,0,0,0,0%,0%,298,21,19,131,44%,31%,2,8,0.29
Anthi VASILANTONAKI,Opposite,9,28,126,79,47,117,10,12,0.36,-2%,79,8,25,14,18%,-3%,268,19,19,101,38%,24%,0,15,0.54
Arina FEDOROVTSEVA,Opposite,7,27,124,60,64,145,34,15,1.26,13%,131,25,24,39,30%,11%,200,12,16,88,44%,30%,1,4,0.15
Hanna KLIMETS,Opposite,9,29,121,81,40,120,14,7,0.48,6%,1,1,0,0,0%,-100%,260,23,24,96,37%,19%,1,11,0.38
Magdalena STYSIAK,Opposite,6,21,118,78,40,46,3,9,0.14,-13%,0,0,0,0,0%,0%,243,21,16,109,45%,30%,1,6,0.29
Piia KORHONEN,Opposite,8,32,117,76,41,125,8,7,0.25,1%,4,0,1,0,0%,0%,312,31,13,103,33%,19%,0,6,0.19
Raquel MONTORO,Opposite,10,34,117,85,32,115,4,13,0.12,-8%,3,0,3,0,0%,0%,365,32,26,105,29%,13%,1,8,0.24
Nikoleta PEROVIC,Opposite,6,22,101,67,34,84,2,5,0.09,-4%,0,0,0,0,0%,0%,235,18,22,85,36%,19%,0,14,0.64
Samanta FABRIS,Opposite,6,21,97,60,37,102,12,18,0.57,-6%,2,1,1,0,0%,-50%,188,10,12,78,41%,30%,0,7,0.33
Olesia RYKHLIUK,Opposite,6,19,95,67,28,58,2,8,0.11,-10%,0,0,0,0,0%,0%,188,14,14,86,46%,31%,0,8,0.42
Emiliya DIMITROVA,Opposite,6,23,92,63,29,77,5,10,0.22,-6%,3,2,1,0,0%,-67%,193,14,17,81,42%,26%,1,6,0.26
Louisa LIPPMANN,Opposite,5,19,86,62,24,72,3,8,0.16,-7%,1,0,1,0,0%,-100%,194,10,15,76,39%,26%,1,7,0.37
Amélie ROTAR,Opposite,7,27,84,56,28,87,4,6,0.15,-2%,61,13,16,17,28%,7%,181,7,18,74,41%,27%,0,6,0.22
Anett NÉMETH,Opposite,6,23,81,51,30,76,5,13,0.22,-11%,3,0,1,1,33%,33%,186,20,17,60,32%,12%,0,16,0.7
Polina MALIK,Opposite,6,20,80,57,23,76,2,4,0.1,-3%,1,0,0,0,0%,0%,230,24,13,72,31%,15%,0,6,0.3
Alexia Ioana CARUTASU,Opposite,5,18,73,51,22,54,5,11,0.28,-11%,1,1,0,0,0%,-100%,182,32,11,62,34%,10%,0,6,0.33
Marta Kamēlija LEVINSKA,Opposite,6,17,70,54,16,50,7,5,0.41,4%,1,0,0,0,0%,0%,191,17,13,60,31%,16%,0,3,0.18
Malwina SMARZEK,Opposite,7,22,67,45,22,22,0,2,0.0,-9%,2,1,0,1,50%,0%,126,6,8,59,47%,36%,1,8,0.36
Julia KAVALENKA,Opposite,5,16,64,42,22,54,4,8,0.25,-7%,1,1,0,0,0%,-100%,141,11,14,53,38%,20%,1,7,0.44
Romana KRISKOVA,Opposite,7,20,63,42,21,59,6,11,0.3,-8%,0,0,0,0,0%,0%,122,11,14,53,43%,23%,0,4,0.2
Anna LAZAREVA,Opposite,7,24,63,42,21,60,3,3,0.12,0%,15,2,5,3,20%,7%,148,12,10,57,39%,24%,0,3,0.12
Kertu LAAK,Opposite,4,14,62,39,23,44,4,5,0.29,-2%,1,0,1,0,0%,0%,154,14,12,54,35%,18%,2,4,0.29
Darja ERŽEN,Opposite,5,15,61,28,33,58,5,6,0.33,-2%,0,0,0,0,0%,0%,134,9,10,52,39%,25%,0,4,0.27
Dhurata SYLEJMANI,Opposite,6,18,61,40,21,45,6,8,0.33,-4%,0,0,0,0,0%,0%,177,18,16,48,27%,8%,1,7,0.39
Martha Evdokia ANTHOULI,Opposite,9,18,60,44,16,44,2,6,0.11,-9%,2,2,0,0,0%,-100%,132,7,7,55,42%,31%,0,3,0.17
Margarita (Marharyta) STEPANENKO,Opposite,5,16,57,42,15,51,3,4,0.19,-2%,5,2,2,0,0%,-40%,146,15,7,48,33%,18%,0,6,0.38
Elles DAMBRINK,Opposite,8,24,53,31,22,52,3,10,0.12,-13%,0,0,0,0,0%,0%,134,4,12,44,33%,21%,1,6,0.25
Anastasiya HARELIK,Opposite,8,15,50,32,18,37,3,2,0.2,3%,1,0,1,0,0%,0%,103,9,15,44,43%,19%,0,4,0.27
Ursula EHRHART,Opposite,5,15,49,36,13,41,1,2,0.07,-2%,10,2,3,4,40%,10%,140,9,10,40,29%,15%,0,8,0.53
Tatiana KADOCHKINA,Opposite,7,21,48,24,24,34,1,7,0.05,-18%,59,18,18,8,14%,-17%,99,5,7,42,42%,30%,0,5,0.24
Vera KASTSIUCHYK,Opposite,7,23,46,29,17,70,4,0,0.17,6%,133,16,41,20,15%,-2%,119,5,7,39,33%,23%,1,4,0.17
Rosa BJÄRREGÅRD-MADSEN,Opposite,10,21,42,25,17,17,3,1,0.14,12%,0,0,0,0,0%,0%,79,12,4,36,46%,25%,0,3,0.14
Kimberly DREWNIOK,Opposite,6,12,30,11,19,24,1,3,0.08,-8%,1,0,0,0,0%,0%,49,7,3,25,51%,31%,0,4,0.33
Martyna LUKASIK,Opposite,7,19,30,22,8,81,2,9,0.11,-9%,76,3,31,11,14%,3%,86,10,6,26,30%,12%,0,2,0.11
Karin SUNDERLIKOVA,Opposite,6,10,29,17,12,17,4,6,0.4,-12%,0,0,0,0,0%,0%,51,4,6,22,43%,24%,0,3,0.3
Jelena MLADENOVIC,Opposite,6,16,26,16,10,39,2,5,0.12,-8%,6,0,4,1,17%,17%,69,5,10,22,32%,10%,0,2,0.12
Nicole EIHOLZER,Opposite,8,15,25,17,8,34,2,3,0.13,-3%,0,0,0,0,0%,0%,71,13,6,20,28%,1%,1,3,0.2
Elena BABIC,Opposite,6,13,12,8,4,25,3,4,0.23,-4%,19,8,3,4,21%,-21%,32,6,4,7,22%,-9%,0,2,0.15
Renate BJERLAND,Opposite,3,8,11,7,4,12,0,3,0.0,-25%,40,5,13,6,15%,-10%,45,10,3,11,24%,-4%,0,0,0.0
Denia BRAVO CULEBRA,Opposite,4,10,10,6,4,21,3,2,0.3,5%,40,4,7,11,28%,15%,42,2,2,7,17%,7%,0,0,0.0
Kadi KULLERKANN,Opposite,3,6,10,7,3,8,0,1,0.0,-12%,0,0,0,0,0%,0%,28,2,4,10,36%,14%,0,0,0.0
Nikolina MAROS,Opposite,5,14,10,8,2,19,1,3,0.07,-11%,27,3,4,17,63%,44%,32,2,5,9,28%,6%,0,0,0.0
Vlada PRIDATKO,Opposite,5,10,10,6,4,14,0,1,0.0,-7%,1,1,0,0,0%,-100%,32,5,4,9,28%,0%,0,1,0.1
Eva SVOBODOVA,Opposite,7,10,10,7,3,17,1,4,0.1,-18%,5,0,3,1,20%,20%,41,5,6,8,20%,-7%,0,1,0.1
Liepa LAVICKYTE,Opposite,3,8,9,5,4,15,1,2,0.12,-7%,1,1,0,0,0%,-100%,13,4,1,3,23%,-15%,0,5,0.62
Emilie Stenholt KROGH,Opposite,6,10,4,3,1,15,0,0,0.0,0%,0,0,0,0,0%,0%,18,2,5,4,22%,-17%,0,0,0.0
Julie LENGWEILER,Opposite,4,8,4,3,1,11,0,4,0.0,-36%,13,4,2,4,31%,0%,17,3,0,4,24%,6%,0,0,0.0
Julie Heile MIKAELSEN,Opposite,2,4,4,2,2,9,2,1,0.5,11%,0,0,0,0,0%,0%,13,2,1,2,15%,-8%,0,0,0.0
Sara CARIĆ,Opposite,8,12,2,2,0,3,0,0,0.0,0%,2,0,0,0,0%,0%,8,1,0,2,25%,12%,0,0,0.0
Anamarija GALIĆ,Opposite,4,6,2,1,1,1,0,0,0.0,0%,0,0,0,0,0%,0%,8,0,2,1,12%,-12%,0,1,0.17
Simona PETRANOVIC,Opposite,3,4,1,1,0,4,0,1,0.0,-25%,21,2,11,3,14%,-5%,9,1,0,1,11%,0%,0,0,0.0
Nevena VUKCEVIC,Opposite,2,2,1,0,1,2,0,0,0.0,0%,0,0,0,0,0%,0%,1,0,0,1,100%,100%,0,0,0.0
Oren ABUTBUL,Opposite,3,4,0,0,0,2,0,1,0.0,-50%,0,0,0,0,0%,0%,10,0,3,0,0%,-30%,0,0,0.0
Georgia Christina ANDRIKOPOULOU,Opposite,2,5,0,0,0,4,0,2,0.0,-50%,0,0,0,0,0%,0%,1,0,1,0,0%,-100%,0,0,0.0
Iman ISANOVIC,Opposite,4,4,0,0,0,4,0,3,0.0,-75%,8,3,2,0,0%,-50%,3,0,1,0,0%,-33%,0,0,0.0
Dinka KULIĆ,Opposite,1,1,0,0,0,0,0,0,0.0,0%,0,0,0,0,0%,0%,2,2,0,0,0%,-100%,0,0,0.0
Mariam MUSHKUDIANI,Opposite,3,3,0,0,0,2,0,0,0.0,0%,0,0,0,0,0%,0%,0,0,0,0,0%,0%,0,0,0.0
Nina TSERTSVADZE,Opposite,2,4,0,0,0,2,0,0,0.0,0%,0,0,0,0,0%,0%,0,0,0,0,0%,0%,0,0,0.0
Ayça AYKAÇ,Libero,3,5,1,1,0,0,0,0,0.0,0%,17,1,3,8,47%,35%,1,0,0,1,100%,100%,0,0,0.0
Linda BOCK,Libero,6,11,1,0,1,12,0,2,0.0,-17%,6,0,1,2,33%,33%,1,0,0,1,100%,100%,0,0,0.0
Mette SALLERUP,Libero,6,19,1,0,1,0,0,0,0.0,0%,73,3,37,9,12%,-4%,1,0,0,1,100%,100%,0,0,0.0
Mathilde BRATLIE,Libero,1,1,0,0,0,0,0,0,0.0,0%,1,0,0,0,0%,0%,0,0,0,0,0%,0%,0,0,0.0
Bayaz ALIYEVA,Libero,5,13,0,0,0,0,0,0,0.0,0%,28,5,5,10,36%,18%,0,0,0,0,0%,0%,0,0,0.0
Maria-Eleni ARTAKIANOU,Libero,9,29,0,0,0,0,0,0,0.0,0%,131,8,34,42,32%,22%,0,0,0,0,0%,0%,0,0,0.0
Elene Bananashvili,Libero,3,6,0,0,0,0,0,0,0.0,0%,23,6,10,1,4%,-48%,0,0,0,0,0%,0%,0,0,0.0
Nikolina BOZICEVIC,Libero,0,0,0,0,0,0,0,0,0.0,0%,0,0,0,0,0%,0%,0,0,0,0,0%,0%,0,0,0.0
Melisa CENOVIC,Libero,6,22,0,0,0,0,0,0,0.0,0%,108,9,19,28,26%,16%,0,0,0,0,0%,0%,0,0,0.0
Adela CHEVALIEROVA,Libero,6,11,0,0,0,0,0,0,0.0,0%,26,2,13,2,8%,-12%,2,0,0,0,0%,0%,0,0,0.0
Alexandra CIUCU,Libero,4,14,0,0,0,0,0,0,0.0,0%,130,13,35,34,26%,15%,0,0,0,0,0%,0%,0,0,0.0
Andra Elena COJOCARU,Libero,3,6,0,0,0,0,0,0,0.0,0%,48,5,20,11,23%,8%,0,0,0,0,0%,0%,0,0,0.0
Monica DE GENNARO,Libero,8,27,0,0,0,0,0,0,0.0,0%,57,5,6,26,46%,37%,0,0,0,0,0%,0%,0,0,0.0
Nel DEMEYER,Libero,2,2,0,0,0,0,0,0,0.0,0%,6,1,2,3,50%,33%,0,0,0,0,0%,0%,0,0,0.0
Thays DEPRATI,Libero,9,27,0,0,0,0,0,0,0.0,0%,131,10,39,33,25%,15%,0,0,0,0,0%,0%,0,0,0.0
Veronika DOSTALOVA,Libero,11,39,0,0,0,0,0,0,0.0,0%,155,4,62,29,19%,8%,2,0,2,0,0%,-100%,0,0,0.0
Alena FEDARYNCHYK,Libero,9,26,0,0,0,0,0,0,0.0,0%,22,3,6,5,23%,9%,0,0,0,0,0%,0%,0,0,0.0
Juliette GELIN,Libero,8,18,0,0,0,0,0,0,0.0,0%,29,3,5,13,45%,34%,0,0,0,0,0%,0%,0,0,0.0
Amandine GIARDINO,Libero,13,48,0,0,0,0,0,0,0.0,0%,237,26,58,73,31%,19%,0,0,0,0,0%,0%,0,0,0.0
Lisa-Marie HAGER,Libero,3,8,0,0,0,0,0,0,0.0,0%,43,2,4,29,67%,58%,0,0,0,0,0%,0%,0,0,0.0
Ditte Kjær HANSEN,Libero,2,2,0,0,0,0,0,0,0.0,0%,3,2,1,0,0%,-100%,0,0,0,0,0%,0%,0,0,0.0
Tamina HUBER,Libero,5,10,0,0,0,0,0,0,0.0,0%,48,9,14,15,31%,0%,0,0,0,0,0%,0%,0,0,0.0
Fjolla HYSENI,Libero,6,19,0,0,0,0,0,0,0.0,0%,73,5,22,12,16%,10%,0,0,0,0,0%,0%,0,0,0.0
Milica IVKOVIĆ,Libero,11,34,0,0,0,0,0,0,0.0,0%,184,20,33,59,32%,21%,0,0,0,0,0%,0%,0,0,0.0
Monika Katarzyna JAGŁA,Libero,7,25,0,0,0,0,0,0,0.0,0%,2,0,1,0,0%,0%,0,0,0,0,0%,0%,0,0,0.0
Skarleta JANCOVA,Libero,7,16,0,0,0,0,0,0,0.0,0%,73,4,10,21,29%,23%,0,0,0,0,0%,0%,0,0,0.0
Leja JANEŽIČ,Libero,5,17,0,0,0,0,0,0,0.0,0%,95,8,28,28,29%,19%,3,0,2,0,0%,-67%,0,0,0.0
Dalma JUHÁR,Libero,6,11,0,0,0,0,0,0,0.0,0%,51,5,23,6,12%,-2%,0,0,0,0,0%,0%,0,0,0.0
Kadri KANGRO,Libero,1,1,0,0,0,0,0,0,0.0,0%,0,0,0,0,0%,0%,0,0,0,0,0%,0%,0,0,0.0
Galina KARABASHEVA,Libero,1,1,0,0,0,0,0,0,0.0,0%,1,0,0,0,0%,0%,0,0,0,0,0%,0%,0,0,0.0
Yuliya KARIMOVA,Libero,5,16,0,0,0,0,0,0,0.0,0%,80,19,14,25,31%,8%,0,0,0,0,0%,0%,0,0,0.0
Kirsten KNIP,Libero,2,4,0,0,0,0,0,0,0.0,0%,8,0,2,3,38%,38%,0,0,0,0,0%,0%,0,0,0.0
Flavia KNUTTI,Libero,4,10,0,0,0,0,0,0,0.0,0%,54,8,17,3,6%,-11%,0,0,0,0,0%,0%,0,0,0.0
Netta LAAKSONEN,Libero,10,36,0,0,0,0,0,0,0.0,0%,225,12,83,51,23%,16%,0,0,0,0,0%,0%,0,0,0.0
Patricia LLABRÉS,Libero,7,13,0,0,0,0,0,0,0.0,0%,54,2,9,27,50%,44%,0,0,0,0,0%,0%,0,0,0.0
Gabriella LUNDVALL,Libero,3,6,0,0,0,0,0,0,0.0,0%,0,0,0,0,0%,0%,0,0,0,0,0%,0%,0,0,0.0
Ema MAGDINOVA,Libero,3,8,0,0,0,0,0,0,0.0,0%,32,1,8,12,38%,28%,0,0,0,0,0%,0%,0,0,0.0
Anja MAZEJ,Libero,4,10,0,0,0,0,0,0,0.0,0%,41,3,12,9,22%,5%,1,0,0,0,0%,0%,0,0,0.0
Krystyna NIEMTSEVA,Libero,10,35,0,0,0,0,0,0,0.0,0%,153,10,32,54,35%,25%,0,0,0,0,0%,0%,0,0,0.0
Kristi NÕLVAK,Libero,4,15,0,0,0,0,0,0,0.0,0%,51,10,11,9,18%,-2%,0,0,0,0,0%,0%,0,0,0.0
Anna OBERHAUSER,Libero,4,5,0,0,0,0,0,0,0.0,0%,10,2,1,3,30%,10%,0,0,0,0,0%,0%,0,0,0.0
Viktoryia PANASENKA,Libero,10,33,0,0,0,0,0,0,0.0,0%,142,10,40,30,21%,8%,0,0,0,0,0%,0%,0,0,0.0
Beatrice PARROCCHIALE,Libero,4,10,0,0,0,0,0,0,0.0,0%,11,1,1,1,9%,0%,0,0,0,0,0%,0%,0,0,0.0
Laura PENTTILÄ,Libero,2,2,0,0,0,0,0,0,0.0,0%,13,1,5,1,8%,0%,0,0,0,0,0%,0%,0,0,0.0
Daria PILIPENKO,Libero,7,27,0,0,0,0,0,0,0.0,0%,99,15,20,42,42%,27%,0,0,0,0,0%,0%,0,0,0.0
Anna POGANY,Libero,6,23,0,0,0,0,0,0,0.0,0%,133,7,34,43,32%,26%,0,0,0,0,0%,0%,0,0,0.0
Silvija POPOVIC,Libero,7,22,0,0,0,0,0,0,0.0,0%,99,18,18,29,29%,11%,0,0,0,0,0%,0%,0,0,0.0
Britt RAMPELBERG,Libero,6,22,0,0,0,0,0,0,0.0,0%,108,14,24,26,24%,11%,0,0,0,0,0%,0%,0,0,0.0
Dzenita RASIDOVIC,Libero,4,5,0,0,0,0,0,0,0.0,0%,0,0,0,0,0%,0%,0,0,0,0,0%,0%,0,0,0.0
Joana RESENDE,Libero,5,18,0,0,0,0,0,0,0.0,0%,86,3,17,39,45%,37%,0,0,0,0,0%,0%,0,0,0.0
Matilde RODRIGUES,Libero,1,2,0,0,0,0,0,0,0.0,0%,3,0,0,0,0%,0%,0,0,0,0,0%,0%,0,0,0.0
Panagiota ROGKA,Libero,6,19,0,0,0,0,0,0,0.0,0%,19,0,4,11,58%,53%,0,0,0,0,0%,0%,0,0,0.0
Rene SAIN,Libero,6,20,0,0,0,0,0,0,0.0,0%,76,7,15,23,30%,21%,1,0,0,0,0%,0%,0,0,0.0
Alba M. SANCHEZ,Libero,9,27,0,0,0,0,0,0,0.0,0%,158,8,45,39,25%,17%,0,0,0,0,0%,0%,0,0,0.0
Myrthe SCHOOT,Libero,8,24,0,0,0,0,0,0,0.0,0%,110,7,29,37,34%,22%,0,0,0,0,0%,0%,0,0,0.0
Simge SEBNEM AKOZ,Libero,7,24,0,0,0,0,0,0,0.0,0%,85,3,16,33,39%,31%,0,0,0,0,0%,0%,0,0,0.0
Linda SELMANI,Libero,1,1,0,0,0,0,0,0,0.0,0%,1,1,0,0,0%,-100%,0,0,0,0,0%,0%,0,0,0.0
May SHIR ON,Libero,2,2,0,0,0,0,0,0,0.0,0%,3,0,2,0,0%,-33%,0,0,0,0,0%,0%,0,0,0.0
Sofie SJÖBERG,Libero,12,44,0,0,0,0,0,0,0.0,0%,194,14,62,41,21%,8%,0,0,0,0,0%,0%,0,0,0.0
Nino Skhvediani,Libero,3,6,0,0,0,0,0,0,0.0,0%,23,4,9,3,13%,-13%,0,0,0,0,0%,0%,0,0,0.0
Michaela SPANKOVA,Libero,5,20,0,0,0,0,0,0,0.0,0%,98,2,23,23,23%,17%,0,0,0,0,0%,0%,0,0,0.0
Maria STENZEL,Libero,7,25,0,0,0,0,0,0,0.0,0%,132,6,34,38,29%,17%,2,1,1,0,0%,-100%,0,0,0.0
Zhana TODOROVA,Libero,6,23,0,0,0,0,0,0,0.0,0%,51,2,18,11,22%,12%,0,0,0,0,0%,0%,0,0,0.0
Fruzsina TÓTH,Libero,11,38,0,0,0,0,0,0,0.0,0%,177,15,50,30,17%,3%,0,0,0,0,0%,0%,0,0,0.0
Cecilie WOIE,Libero,3,9,0,0,0,0,0,0,0.0,0%,57,5,15,10,18%,0%,0,0,0,0,0%,0%,0,0,0.0
Tamara ZAYTSEVA,Libero,7,26,0,0,0,0,0,0,0.0,0%,22,0,3,10,45%,45%,0,0,0,0,0%,0%,0,0,0.0
Katrina ZILBERMAN,Libero,6,20,0,0,0,0,0,0,0.0,0%,121,8,46,23,19%,12%,0,0,0,0,0%,0%,0,0,0.0
Elīna ZVAIGZNE,Libero,6,17,0,0,0,1,0,0,0.0,0%,30,4,9,3,10%,-3%,0,0,0,0,0%,0%,0,0,0.0
